Store No,Auchan Store Name _LAttr02,Town,Street,Zip Code,full,full.address,Store Latitude,Store Longitude
FRA002,RONCQ,RONCQ -Tourcoing-,BD D'HALLUIN,59223,Auchan RONCQ [FRA002],<b>Auchan RONCQ [FRA002]</b><br>BD D'HALLUIN<br>F-59223 RONCQ -Tourcoing-,50.73798,3.135711
FRA003,ENGLOS,HAUBOURDIN -Englos Sequedin-,RN 352,59320,Auchan ENGLOS [FRA003],<b>Auchan ENGLOS [FRA003]</b><br>RN 352<br>F-59320 HAUBOURDIN -Englos Sequedin-,50.631595,2.968071
FRA004,LEERS,LEERS -Roubaix-,1 AV DE L'EUROPE,59115,Auchan LEERS [FRA004],<b>Auchan LEERS [FRA004]</b><br>1 AV DE L'EUROPE<br>F-59115 LEERS -Roubaix-,50.680816,3.219046
FRA005,BOULOGNE,ST MARTIN BOULOGNE,RN 42,62200,Auchan BOULOGNE [FRA005],<b>Auchan BOULOGNE [FRA005]</b><br>RN 42<br>F-62200 ST MARTIN BOULOGNE,50.734391,1.674866
FRA006,PETITE FORET,PETITE FORET -Anzin-,RN 45,59494,Auchan PETITE FORET [FRA006],<b>Auchan PETITE FORET [FRA006]</b><br>RN 45<br>F-59494 PETITE FORET -Anzin-,50.376361,3.479233
FRA007,NOYELLES,NOYELLES GODAULT -Lens-,RN 43,62950,Auchan NOYELLES [FRA007],<b>Auchan NOYELLES [FRA007]</b><br>RN 43<br>F-62950 NOYELLES GODAULT -Lens-,50.41213,2.976781
FRA008,LE HAVRE,LE HAVRE Mont Gaillard,AV BOIS AU COQ PROLONGEE,76620,Auchan LE HAVRE [FRA008],<b>Auchan LE HAVRE [FRA008]</b><br>AV BOIS AU COQ PROLONGEE<br>F-76620 LE HAVRE Mont Gaillard,49.522418,0.110172
FRA009,FONTENAY,FONTENAY SS/BOIS,AV CHARLES GARCIA,94120,Auchan FONTENAY [FRA009],<b>Auchan FONTENAY [FRA009]</b><br>AV CHARLES GARCIA<br>F-94120 FONTENAY SS/BOIS,48.853601,2.483552
FRA010,LOUVROIL,LOUVROIL -Maubeuge-,CD 121,59720,Auchan LOUVROIL [FRA010],<b>Auchan LOUVROIL [FRA010]</b><br>CD 121<br>F-59720 LOUVROIL -Maubeuge-,50.256651,3.93791
FRA011,GRANDE SYNTHE,GRANDE SYNTHE -Dunkerque-,RN 40,59760,Auchan GRANDE SYNTHE [FRA011],<b>Auchan GRANDE SYNTHE [FRA011]</b><br>RN 40<br>F-59760 GRANDE SYNTHE -Dunkerque-,51.00598,2.278732
FRA012,ST JEAN,ST JEAN DE LA RUELLE,AV PIERRE MENDES FRANCE,45140,Auchan ST JEAN [FRA012],<b>Auchan ST JEAN [FRA012]</b><br>AV PIERRE MENDES FRANCE<br>F-45140 ST JEAN DE LA RUELLE,47.903489,1.862065
FRA013,TOULON,LA SEYNE S/MER -Toulon-,BD DE L'EUROPE,83500,Auchan TOULON [FRA013],<b>Auchan TOULON [FRA013]</b><br>BD DE L'EUROPE<br>F-83500 LA SEYNE S/MER -Toulon-,43.113204,5.857704
FRA014,LE PONTET,LE PONTET Avignon Nord,ZAC DE ST TRONQUET,84130,Auchan LE PONTET [FRA014],<b>Auchan LE PONTET [FRA014]</b><br>ZAC DE ST TRONQUET<br>F-84130 LE PONTET Avignon Nord,43.982353,4.880444
FRA015,BEZIERS,BEZIERS,RTE DE BESSAN,34500,Auchan BEZIERS [FRA015],<b>Auchan BEZIERS [FRA015]</b><br>RTE DE BESSAN<br>F-34500 BEZIERS,43.345534,3.243545
FRA016,PLAISIR,PLAISIR Sablons,CD 161,78370,Auchan PLAISIR [FRA016],<b>Auchan PLAISIR [FRA016]</b><br>CD 161<br>F-78370 PLAISIR Sablons,48.829557,1.961388
FRA017,MANTES,BUCHELAY -Mantes La Ville-,CD 110,78200,Auchan MANTES [FRA017],<b>Auchan MANTES [FRA017]</b><br>CD 110<br>F-78200 BUCHELAY -Mantes La Ville-,48.981608,1.683211
FRA018,ST GENIS,ST GENIS LAVAL,AV CH DE GAULLE,69230,Auchan ST GENIS [FRA018],<b>Auchan ST GENIS [FRA018]</b><br>AV CH DE GAULLE<br>F-69230 ST GENIS LAVAL,45.680405,4.791542
FRA019,OLIVET,OLIVET Verdun,AV DE VERDUN,45160,Auchan OLIVET [FRA019],<b>Auchan OLIVET [FRA019]</b><br>AV DE VERDUN<br>F-45160 OLIVET Verdun,47.869929,1.911576
FRA020,PERPIGNAN,PERPIGNAN Mas Galte,RN 9,66000,Auchan PERPIGNAN [FRA020],<b>Auchan PERPIGNAN [FRA020]</b><br>RN 9<br>F-66000 PERPIGNAN Mas Galte,42.669221,2.882811
FRA021,STRASBOURG,STRASBOURG Hautepierre,PL ANDRE  MAUROIS,67200,Auchan STRASBOURG [FRA021],<b>Auchan STRASBOURG [FRA021]</b><br>PL ANDRE  MAUROIS<br>F-67200 STRASBOURG Hautepierre,48.591563,7.6951
FRA022,MELUN,CESSON Melun,RN 6,77240,Auchan MELUN [FRA022],<b>Auchan MELUN [FRA022]</b><br>RN 6<br>F-77240 CESSON Melun,48.586904,2.60147
FRA023,VILLENEUVE 2,VILLENEUVE D'ASCQ,QRT HOTEL DE VILLE,59650,Auchan VILLENEUVE 2 [FRA023],<b>Auchan VILLENEUVE 2 [FRA023]</b><br>QRT HOTEL DE VILLE<br>F-59650 VILLENEUVE D'ASCQ,50.618112,3.130748
FRA024,MARTIGUES,MARTIGUES,RTE D'ISTRES,13500,Auchan MARTIGUES [FRA024],<b>Auchan MARTIGUES [FRA024]</b><br>RTE D'ISTRES<br>F-13500 MARTIGUES,43.423521,5.051432
FRA025,NICE,NICE -La Trinité-,RTE DE LAGHET,6340,Auchan NICE [FRA025],<b>Auchan NICE [FRA025]</b><br>RTE DE LAGHET<br>F-6340 NICE -La Trinité-,43.742536,7.318891
FRA026,CAMBRAI,ESCAUDOEUVRES -Cambrai-,2 R JEAN JAURES,59161,Auchan CAMBRAI [FRA026],<b>Auchan CAMBRAI [FRA026]</b><br>2 R JEAN JAURES<br>F-59161 ESCAUDOEUVRES -Cambrai-,50.185256,3.254551
FRA027,AUBAGNE,AUBAGNE,RTE DE GEMENOS,13400,Auchan AUBAGNE [FRA027],<b>Auchan AUBAGNE [FRA027]</b><br>RTE DE GEMENOS<br>F-13400 AUBAGNE,43.293822,5.59208
FRA028,VALENCIENNES,VALENCIENNES,2 AV DU Gal HORNE,59300,Auchan VALENCIENNES [FRA028],<b>Auchan VALENCIENNES [FRA028]</b><br>2 AV DU Gal HORNE<br>F-59300 VALENCIENNES,50.345562,3.518901
FRA029,MERIADECK,BASSENS Meriadeck,66  QUAI FRANCAIS,33290,Auchan MERIADECK [FRA029],<b>Auchan MERIADECK [FRA029]</b><br>66  QUAI FRANCAIS<br>F-33290 BASSENS Meriadeck,44.838671,-0.584946
FRA030,LE LAC,BORDEAUX Le Lac,BD ALIENOR D'AQUITAINE,33000,Auchan LE LAC [FRA030],<b>Auchan LE LAC [FRA030]</b><br>BD ALIENOR D'AQUITAINE<br>F-33000 BORDEAUX Le Lac,44.880403,-0.564947
FRA031,LA DEFENSE,PUTEAUX La défense,CC LES 4 TEMPS,92800,Auchan LA DEFENSE [FRA031],<b>Auchan LA DEFENSE [FRA031]</b><br>CC LES 4 TEMPS<br>F-92800 PUTEAUX La défense,48.890942,2.234975
FRA032,ST PRIEST,ST PRIEST Porte des Alpes,ZAC DE CHAMPS DU PONT,69800,Auchan ST PRIEST [FRA032],<b>Auchan ST PRIEST [FRA032]</b><br>ZAC DE CHAMPS DU PONT<br>F-69800 ST PRIEST Porte des Alpes,45.722349,4.925877
FRA034,BRETIGNY,BRETIGNY S/ORGE,CD 19,91220,Auchan BRETIGNY [FRA034],<b>Auchan BRETIGNY [FRA034]</b><br>CD 19<br>F-91220 BRETIGNY S/ORGE,48.585043,2.303093
FRA035,ST NAZAIRE,TRIGNAC -St Nazaire-,RN 471,44570,Auchan ST NAZAIRE [FRA035],<b>Auchan ST NAZAIRE [FRA035]</b><br>RN 471<br>F-44570 TRIGNAC -St Nazaire-,47.302546,-2.209096
FRA036,LE MANS,LA CHAPELLE ST AUBIN -Le Mans-,RTE D'ALENCON,72650,Auchan LE MANS [FRA036],<b>Auchan LE MANS [FRA036]</b><br>RTE D'ALENCON<br>F-72650 LA CHAPELLE ST AUBIN -Le Mans-,48.043821,0.17373
FRA037,ANNECY,EPAGNY -Annecy-,2 RTE DE BELLEGARDE,74330,Auchan ANNECY [FRA037],<b>Auchan ANNECY [FRA037]</b><br>2 RTE DE BELLEGARDE<br>F-74330 EPAGNY -Annecy-,45.937877,6.074893
FRA038,PERIGUEUX,MARSAC S/L'ISLE -Périgueux-,LD LA CROPTE,24430,Auchan PERIGUEUX [FRA038],<b>Auchan PERIGUEUX [FRA038]</b><br>LD LA CROPTE<br>F-24430 MARSAC S/L'ISLE -Périgueux-,45.192334,0.658155
FRA039,ILLKIRCH,ILLKIRCH GRAFFENSTADEN,6 RTE DE STRASBOURG,67400,Auchan ILLKIRCH [FRA039],<b>Auchan ILLKIRCH [FRA039]</b><br>6 RTE DE STRASBOURG<br>F-67400 ILLKIRCH GRAFFENSTADEN,48.544505,7.739923
FRA041,CALUIRE,CALUIRE ET CUIRE,10 CHE JEAN PETIT,69300,Auchan CALUIRE [FRA041],<b>Auchan CALUIRE [FRA041]</b><br>10 CHE JEAN PETIT<br>F-69300 CALUIRE ET CUIRE,45.803904,4.858034
FRA042,VILLEBON,VILLEBON S/YVETTE -Palaiseau-,CHE DE BRIS,91140,Auchan VILLEBON [FRA042],<b>Auchan VILLEBON [FRA042]</b><br>CHE DE BRIS<br>F-91140 VILLEBON S/YVETTE -Palaiseau-,48.706234,2.252861
FRA043,BETHUNE,BETHUNE Rotonde,RN 41,62400,Auchan BETHUNE [FRA043],<b>Auchan BETHUNE [FRA043]</b><br>RN 41<br>F-62400 BETHUNE Rotonde,50.522594,2.630175
FRA044,LA COURONNE,Angoulême,RN 10   LA COURONNE -Angoulême-,16400,Auchan LA COURONNE [FRA044],<b>Auchan LA COURONNE [FRA044]</b><br>RN 10   LA COURONNE -Angoulême-<br>F-16400 Angoulême,45.619744,0.105007
FRA045,VILLARS,VILLARS -St Etienne-,CHE DE MONTRAVEL,42390,Auchan VILLARS [FRA045],<b>Auchan VILLARS [FRA045]</b><br>CHE DE MONTRAVEL<br>F-42390 VILLARS -St Etienne-,45.473663,4.34309
FRA046,DARDILLY,DARDILLY,PORTE DE LYON,69570,Auchan DARDILLY [FRA046],<b>Auchan DARDILLY [FRA046]</b><br>PORTE DE LYON<br>F-69570 DARDILLY,45.819881,4.767349
FRA047,SCHWEIGHOUSE,SCHWEIGHOUSE S/MODER -Haguenau-,RN 62,67590,Auchan SCHWEIGHOUSE [FRA047],<b>Auchan SCHWEIGHOUSE [FRA047]</b><br>RN 62<br>F-67590 SCHWEIGHOUSE S/MODER -Haguenau-,48.832895,7.741794
FRA048,VELIZY,VELIZY VILLACOUBLAY,2/11 AV DE L'EUROPE,78140,Auchan VELIZY [FRA048],<b>Auchan VELIZY [FRA048]</b><br>2/11 AV DE L'EUROPE<br>F-78140 VELIZY VILLACOUBLAY,48.779483,2.219167
FRA049,CERGY,CERGY Trois fontaines,CC LES 3 FONTAINES,95000,Auchan CERGY [FRA049],<b>Auchan CERGY [FRA049]</b><br>CC LES 3 FONTAINES<br>F-95000 CERGY Trois fontaines,49.038954,2.080486
FRA050,ST HERBLAIN,ST HERBLAIN Trois moulins,165 RTE DE VANNES,44800,Auchan ST HERBLAIN [FRA050],<b>Auchan ST HERBLAIN [FRA050]</b><br>165 RTE DE VANNES<br>F-44800 ST HERBLAIN Trois moulins,47.246053,-1.606939
FRA051,DIEPPE,DIEPPE Belvédère,AV DES CANADIENS,76200,Auchan DIEPPE [FRA051],<b>Auchan DIEPPE [FRA051]</b><br>AV DES CANADIENS<br>F-76200 DIEPPE Belvédère,49.909186,1.078565
FRA052,CENTRE 2,ST ETIENNE Pourcel,2 R ALEXANDRE POURCEL,42100,Auchan CENTRE 2 [FRA052],<b>Auchan CENTRE 2 [FRA052]</b><br>2 R ALEXANDRE POURCEL<br>F-42100 ST ETIENNE Pourcel,45.423145,4.394643
FRA053,ST SEBASTIEN,ST SEBASTIEN S/LOIRE,2 R PIERRE MENDES FRANCE,44230,Auchan ST SEBASTIEN [FRA053],<b>Auchan ST SEBASTIEN [FRA053]</b><br>2 R PIERRE MENDES FRANCE<br>F-44230 ST SEBASTIEN S/LOIRE,47.190113,-1.493547
FRA054,BAGNOLET,BAGNOLET Bel Est,25 AV DU Gal DE GAULLE,93170,Auchan BAGNOLET [FRA054],<b>Auchan BAGNOLET [FRA054]</b><br>25 AV DU Gal DE GAULLE<br>F-93170 BAGNOLET Bel Est,48.865277,2.416089
FRA055,CHERBOURG,LA GLACERIE -Cherbourg-,RN 13,50470,Auchan CHERBOURG [FRA055],<b>Auchan CHERBOURG [FRA055]</b><br>RN 13<br>F-50470 LA GLACERIE -Cherbourg-,49.602968,-1.600054
FRA056,SEMECOURT,SEMECOURT -Metz-,VOIE ROMAINE,57210,Auchan SEMECOURT [FRA056],<b>Auchan SEMECOURT [FRA056]</b><br>VOIE ROMAINE<br>F-57210 SEMECOURT -Metz-,49.195051,6.14651
FRA057,AVIGNON,AVIGNON Sud,RTE MARSEILLE,84000,Auchan AVIGNON [FRA057],<b>Auchan AVIGNON [FRA057]</b><br>RTE MARSEILLE<br>F-84000 AVIGNON Sud,43.92189,4.864224
FRA061,FACHES,FACHES THUMESNIL,RTE DE VENDEVILLE,59155,Auchan FACHES [FRA061],<b>Auchan FACHES [FRA061]</b><br>RTE DE VENDEVILLE<br>F-59155 FACHES THUMESNIL,50.582144,3.080934
FRA063,BOULIAC,BOULIAC,AV ANDRE REINSON,33270,Auchan BOULIAC [FRA063],<b>Auchan BOULIAC [FRA063]</b><br>AV ANDRE REINSON<br>F-33270 BOULIAC,44.817027,-0.526647
FRA064,PEROLS,PEROLS -Montpellier-,AUTOROUTE DE CARNON,34470,Auchan PEROLS [FRA064],<b>Auchan PEROLS [FRA064]</b><br>AUTOROUTE DE CARNON<br>F-34470 PEROLS -Montpellier-,43.572453,3.9425
FRA065,MAUREPAS,MAUREPAS,AV GUTENBERG,78310,Auchan MAUREPAS [FRA065],<b>Auchan MAUREPAS [FRA065]</b><br>AV GUTENBERG<br>F-78310 MAUREPAS,48.761865,1.916973
FRA066,ISSY,ISSY LES MOULINEAUX,3 ALL STE LUCIE,92130,Auchan ISSY [FRA066],<b>Auchan ISSY [FRA066]</b><br>3 ALL STE LUCIE<br>F-92130 ISSY LES MOULINEAUX,48.820458,2.251263
FRA067,MARSEILLE,MARSEILLE 10° Pont vivaux,57 BD ROMAIN ROLLAND,13010,Auchan MARSEILLE [FRA067],<b>Auchan MARSEILLE [FRA067]</b><br>57 BD ROMAIN ROLLAND<br>F-13010 MARSEILLE 10° Pont vivaux,43.27921,5.424217
FRA068,TOMBLAINE,TOMBLAINE -Nancy-,AV EUGENE POTTIER,54510,Auchan TOMBLAINE [FRA068],<b>Auchan TOMBLAINE [FRA068]</b><br>AV EUGENE POTTIER<br>F-54510 TOMBLAINE -Nancy-,48.685811,6.22143
FRA069,ARRAS,ARRAS,6 R CLAUDE BERNARD   ARRAS Bernard,62000,Auchan ARRAS [FRA069],<b>Auchan ARRAS [FRA069]</b><br>6 R CLAUDE BERNARD   ARRAS Bernard<br>F-62000 ARRAS,50.299719,2.734653
FRA070,TOULOUSE,TOULOUSE Gramont,RN 112,31200,Auchan TOULOUSE [FRA070],<b>Auchan TOULOUSE [FRA070]</b><br>RN 112<br>F-31200 TOULOUSE Gramont,43.632001,1.484443
FRA071,DOUAI,SIN LE NOBLE -Douai-,RN 17,59450,Auchan DOUAI [FRA071],<b>Auchan DOUAI [FRA071]</b><br>RN 17<br>F-59450 SIN LE NOBLE -Douai-,50.341674,3.098532
FRA081,NOGENT,CREIL -Nogent Sur Oise-,AV DE L'EUROPE,60180,Auchan NOGENT [FRA081],<b>Auchan NOGENT [FRA081]</b><br>AV DE L'EUROPE<br>F-60180 CREIL -Nogent Sur Oise-,49.271645,2.482881
FRA082,PAU,PAU,5 AV DU Gal LECLERC,64000,Auchan PAU [FRA082],<b>Auchan PAU [FRA082]</b><br>5 AV DU Gal LECLERC<br>F-64000 PAU,43.304596,-0.333734
FRA083,MONTAUBAN,MONTAUBAN,777 AV JEAN MOULIN,82000,Auchan MONTAUBAN [FRA083],<b>Auchan MONTAUBAN [FRA083]</b><br>777 AV JEAN MOULIN<br>F-82000 MONTAUBAN,44.030646,1.368461
FRA087,MARNE LA VALLEE,SERRIS -Marne La Vallée-,14 CRS DU DANUBE,77700,Auchan MARNE LA VALLEE [FRA087],<b>Auchan MARNE LA VALLEE [FRA087]</b><br>14 CRS DU DANUBE<br>F-77700 SERRIS -Marne La Vallée-,48.853912,2.777714
FRA088,BEAUVAIS,BEAUVAIS,1 AV DESCARTES,60000,Auchan BEAUVAIS [FRA088],<b>Auchan BEAUVAIS [FRA088]</b><br>1 AV DESCARTES<br>F-60000 BEAUVAIS,49.409893,2.116004
FRA089,VILLETANEUSE,VILLETANEUSE Bienvenu,189 AV LA DIVISION LECLERC,93430,Auchan VILLETANEUSE [FRA089],<b>Auchan VILLETANEUSE [FRA089]</b><br>189 AV LA DIVISION LECLERC<br>F-93430 VILLETANEUSE Bienvenu,48.949145,2.34389
FRA090,KREMLIN BICETRE,Kremlin Bicètre,13 rue Edmond Michelet,94270,Auchan KREMLIN BICETRE [FRA090],<b>Auchan KREMLIN BICETRE [FRA090]</b><br>13 rue Edmond Michelet<br>F-94270 Kremlin Bicètre,48.810839,2.362295
FRA093,SARCELLES,SARCELLES,200 avenue de la division Leclerc,95200,Auchan SARCELLES [FRA093],<b>Auchan SARCELLES [FRA093]</b><br>200 avenue de la division Leclerc<br>F-95200 SARCELLES,48.985754,2.372577
FRA101,DURY,DURY -Amiens-,RN 16,80480,Auchan DURY [FRA101],<b>Auchan DURY [FRA101]</b><br>RN 16<br>F-80480 DURY -Amiens-,49.86229,2.280465
FRA102,ST OMER,LONGUENESSE -St Omer-,RTE D'ARQUES,62219,Auchan ST OMER [FRA102],<b>Auchan ST OMER [FRA102]</b><br>RTE D'ARQUES<br>F-62219 LONGUENESSE -St Omer-,50.736083,2.270265
FRA103,ST QUENTIN,FAYET -St Quentin-,RN 29,2100,Auchan ST QUENTIN [FRA103],<b>Auchan ST QUENTIN [FRA103]</b><br>RN 29<br>F-2100 FAYET -St Quentin-,49.861217,3.252317
FRA104,MONTIVILLIERS,MONTIVILLIERS,CC LA LEZARDE,76290,Auchan MONTIVILLIERS [FRA104],<b>Auchan MONTIVILLIERS [FRA104]</b><br>CC LA LEZARDE<br>F-76290 MONTIVILLIERS,49.527558,0.19051
FRA105,CALAIS,CALAIS Boulogne,RTE DE BOULOGNE,62100,Auchan CALAIS [FRA105],<b>Auchan CALAIS [FRA105]</b><br>RTE DE BOULOGNE<br>F-62100 CALAIS Boulogne,50.94434,1.808241
FRA106,OSNY,OSNY,CHE DU POIRIER GUERIN,95520,Auchan OSNY [FRA106],<b>Auchan OSNY [FRA106]</b><br>CHE DU POIRIER GUERIN<br>F-95520 OSNY,49.077209,2.078204
FRA107,TAVERNY,TAVERNY Bois de Boissy,R THEROIGNE DE MERICOURT,95150,Auchan TAVERNY [FRA107],<b>Auchan TAVERNY [FRA107]</b><br>R THEROIGNE DE MERICOURT<br>F-95150 TAVERNY Bois de Boissy,49.013775,2.221097
FRA108,TOURS,TOURS Petite Arche,RTE DE PARIS,37100,Auchan TOURS [FRA108],<b>Auchan TOURS [FRA108]</b><br>RTE DE PARIS<br>F-37100 TOURS Petite Arche,47.427654,0.69889
FRA110,CHAMBRAY,CHAMBRAY LES TOURS,RTE DE JOUE LES TOURS,37170,Auchan CHAMBRAY [FRA110],<b>Auchan CHAMBRAY [FRA110]</b><br>RTE DE JOUE LES TOURS<br>F-37170 CHAMBRAY LES TOURS,47.338936,0.699725
FRA111,BLOIS,VINEUIL -Blois-,99 rue Pierre-Gilles de Gennes,41350,Auchan BLOIS [FRA111],<b>Auchan BLOIS [FRA111]</b><br>99 rue Pierre-Gilles de Gennes<br>F-41350 VINEUIL -Blois-,47.572785,1.373568
FRA113,AUBIERE,AUBIERE,101 AV JEAN MOULIN,63170,Auchan AUBIERE [FRA113],<b>Auchan AUBIERE [FRA113]</b><br>101 AV JEAN MOULIN<br>F-63170 AUBIERE,45.753537,3.127443
FRA114,CLERMONT,CLERMONT FERRAND Clémentel,BD ETIENNE CLEMENTEL,63100,Auchan CLERMONT [FRA114],<b>Auchan CLERMONT [FRA114]</b><br>BD ETIENNE CLEMENTEL<br>F-63100 CLERMONT FERRAND Clémentel,45.811879,3.108238
FRA118,WOIPPY,WOIPPY Metz Nord,1 R DE L'ABBE GREGOIRE,57140,Auchan WOIPPY [FRA118],<b>Auchan WOIPPY [FRA118]</b><br>1 R DE L'ABBE GREGOIRE<br>F-57140 WOIPPY Metz Nord,49.149419,6.173567
FRA119,LAXOU,LAXOU -Nancy-,R DE LA SAPINIERE,54520,Auchan LAXOU [FRA119],<b>Auchan LAXOU [FRA119]</b><br>R DE LA SAPINIERE<br>F-54520 LAXOU -Nancy-,48.69176,6.125384
FRA120,BESSONCOURT,BESSONCOURT -Belfort-,CD 419,90160,Auchan BESSONCOURT [FRA120],<b>Auchan BESSONCOURT [FRA120]</b><br>CD 419<br>F-90160 BESSONCOURT -Belfort-,47.640477,6.915029
FRA123,BAR LE DUC,SAVONNIERES DEVANT BAR -Bar Le Duc-,RTE DE LONGEVILLE,55000,Auchan BAR LE DUC [FRA123],<b>Auchan BAR LE DUC [FRA123]</b><br>RTE DE LONGEVILLE<br>F-55000 SAVONNIERES DEVANT BAR -Bar Le Duc-,48.759983,5.183087
FRA124,HIRSON,HIRSON,AV DE VERDUN,2500,Auchan HIRSON [FRA124],<b>Auchan HIRSON [FRA124]</b><br>AV DE VERDUN<br>F-2500 HIRSON,49.91292,4.090735
FRA125,MONT ST MARTIN,MONT ST MARTIN -Longwy-,3 R ALFRED L'ABBE,54350,Auchan MONT ST MARTIN [FRA125],<b>Auchan MONT ST MARTIN [FRA125]</b><br>3 R ALFRED L'ABBE<br>F-54350 MONT ST MARTIN -Longwy-,49.544511,5.797161
FRA126,LUXEUIL,LUXEUIL LES BAINS,RN 57,70300,Auchan LUXEUIL [FRA126],<b>Auchan LUXEUIL [FRA126]</b><br>RN 57<br>F-70300 LUXEUIL LES BAINS,47.82178,6.387767
FRA127,MERS,MERS LES BAINS,FOND DE FROIDEVILLE,80350,Auchan MERS [FRA127],<b>Auchan MERS [FRA127]</b><br>FOND DE FROIDEVILLE<br>F-80350 MERS LES BAINS,50.062152,1.408164
FRA128,LOBAU,NANCY,127 BD LOBAU,54000,Auchan LOBAU [FRA128],<b>Auchan LOBAU [FRA128]</b><br>127 BD LOBAU<br>F-54000 NANCY,48.680279,6.199053
FRA129,NOYON,NOYON,ZAC DU MONT RENAUD,60400,Auchan NOYON [FRA129],<b>Auchan NOYON [FRA129]</b><br>ZAC DU MONT RENAUD<br>F-60400 NOYON,49.569883,2.977535
FRA130,VIRY,VIRY NOUREUIL,RN 32,2300,Auchan VIRY [FRA130],<b>Auchan VIRY [FRA130]</b><br>RN 32<br>F-2300 VIRY NOUREUIL,49.643114,3.258518
FRA135,GIEN,GIEN,3 R DE LA FABRIQUE,45500,Auchan GIEN [FRA135],<b>Auchan GIEN [FRA135]</b><br>3 R DE LA FABRIQUE<br>F-45500 GIEN,47.688837,2.620643
FRA136,MERU,MERU Coquet,R MARCEL COQUET,60110,Auchan MERU [FRA136],<b>Auchan MERU [FRA136]</b><br>R MARCEL COQUET<br>F-60110 MERU Coquet,49.21801,2.1409
FRA137,NEUILLY,NEUILLY S/MARNE Baobab,1/9 AV DU Mal FOCH,93330,Auchan NEUILLY [FRA137],<b>Auchan NEUILLY [FRA137]</b><br>1/9 AV DU Mal FOCH<br>F-93330 NEUILLY S/MARNE Baobab,48.855321,2.518105
FRA138,SOISY,SOISY SS/MONTMORENCY,28/30 AV DE PARIS,95230,Auchan SOISY [FRA138],<b>Auchan SOISY [FRA138]</b><br>28/30 AV DE PARIS<br>F-95230 SOISY SS/MONTMORENCY,48.990468,2.29086
FRA139,BIGANOS,BIGANOS Facture,91 R DES FONDERIES,33380,Auchan BIGANOS [FRA139],<b>Auchan BIGANOS [FRA139]</b><br>91 R DES FONDERIES<br>F-33380 BIGANOS Facture,44.639767,-0.957489
FRA140,CHASSENEUIL,CHASSENEUIL DU POITOU -Poitiers-,RN 10,86360,Auchan CHASSENEUIL [FRA140],<b>Auchan CHASSENEUIL [FRA140]</b><br>RN 10<br>F-86360 CHASSENEUIL DU POITOU -Poitiers-,46.665537,0.369618
FRA141,CHATELLERAULT,CHATELLERAULT Forêt,AV JEAN MOULIN,86100,Auchan CHATELLERAULT [FRA141],<b>Auchan CHATELLERAULT [FRA141]</b><br>AV JEAN MOULIN<br>F-86100 CHATELLERAULT Forêt,46.797782,0.529365
FRA142,COGNAC,LD LE FIEF DU ROY   CHATEAUBERNARD -Cognac-,0,16100,Auchan COGNAC [FRA142],<b>Auchan COGNAC [FRA142]</b><br>0<br>F-16100 LD LE FIEF DU ROY   CHATEAUBERNARD -Cognac-,45.683357,-0.305249
FRA143,POITIERS SUD,POITIERS,250 RTE DU 8 MAI 1945,86000,Auchan POITIERS SUD [FRA143],<b>Auchan POITIERS SUD [FRA143]</b><br>250 RTE DU 8 MAI 1945<br>F-86000 POITIERS,46.551758,0.299634
FRA144,ST CYR,ST CYR S/LOIRE -Tours-,31 BD CHARLES DE GAULLE,37540,Auchan ST CYR [FRA144],<b>Auchan ST CYR [FRA144]</b><br>31 BD CHARLES DE GAULLE<br>F-37540 ST CYR S/LOIRE -Tours-,47.425616,0.656823
FRA145,BIAS,BIAS -Villeneuve Sur Lot-,RN 111,47300,Auchan BIAS [FRA145],<b>Auchan BIAS [FRA145]</b><br>RN 111<br>F-47300 BIAS -Villeneuve Sur Lot-,44.404923,0.676203
FRA147,CHATEAUROUX,LE POINCONNET -Châteauroux-,RTE DE LA CHATRE,36330,Auchan CHATEAUROUX [FRA147],<b>Auchan CHATEAUROUX [FRA147]</b><br>RTE DE LA CHATRE<br>F-36330 LE POINCONNET -Châteauroux-,46.791053,1.734942
FRA150,MACON,MACON,RN 6,71000,Auchan MACON [FRA150],<b>Auchan MACON [FRA150]</b><br>RN 6<br>F-71000 MACON,46.326048,4.839225
FRA151,BRIVES,BRIVES CHARENSAC,69 AV CHARLES DUPUY,43700,Auchan BRIVES [FRA151],<b>Auchan BRIVES [FRA151]</b><br>69 AV CHARLES DUPUY<br>F-43700 BRIVES CHARENSAC,45.049202,3.916201
FRA152,DOMERAT,DOMERAT -Montluçon-,RTE DE GUERET,3410,Auchan DOMERAT [FRA152],<b>Auchan DOMERAT [FRA152]</b><br>RTE DE GUERET<br>F-3410 DOMERAT -Montluçon-,46.338813,2.56785
FRA155,VALENCE,GUILHERAND GRANGES -Valence-,1449 AV DE LA REPUBLIQUE,7500,Auchan VALENCE [FRA155],<b>Auchan VALENCE [FRA155]</b><br>1449 AV DE LA REPUBLIQUE<br>F-7500 GUILHERAND GRANGES -Valence-,44.93814,4.865395
FRA156,CASTRES,CASTRES Grand sud,RTE DE TOULOUSE,81000,Auchan CASTRES [FRA156],<b>Auchan CASTRES [FRA156]</b><br>RTE DE TOULOUSE<br>F-81000 CASTRES Grand sud,43.589314,2.185835
FRA157,CAVAILLON,CAVAILLON,CHE DES TAILLADES,84300,Auchan CAVAILLON [FRA157],<b>Auchan CAVAILLON [FRA157]</b><br>CHE DES TAILLADES<br>F-84300 CAVAILLON,43.836245,5.052678
FRA159,GRASSE,GRASSE -Le plan de grasse-,RTE DE LA PAOUTE,6130,Auchan GRASSE [FRA159],<b>Auchan GRASSE [FRA159]</b><br>RTE DE LA PAOUTE<br>F-6130 GRASSE -Le plan de grasse-,43.635047,6.950871
FRA160,MANOSQUE,MANOSQUE,RTE DE SISTERON,4100,Auchan MANOSQUE [FRA160],<b>Auchan MANOSQUE [FRA160]</b><br>RTE DE SISTERON<br>F-4100 MANOSQUE,43.850508,5.822766
FRA163,SETE,SETE,BD CAMILLE BLANC,34200,Auchan SETE [FRA163],<b>Auchan SETE [FRA163]</b><br>BD CAMILLE BLANC<br>F-34200 SETE,43.408846,3.669604
FRA178,MONTGERON,VIGNEUX S/SEINE -Montgeron-,RN 5,91270,Auchan MONTGERON [FRA178],<b>Auchan MONTGERON [FRA178]</b><br>RN 5<br>F-91270 VIGNEUX S/SEINE -Montgeron-,48.715145,2.436716
FRA999,OTHERS,ALL OTHERS,N/A,99999,Auchan OTHERS [FRA999],<b>Auchan OTHERS [FRA999]</b><br>N/A<br>F-99999 ALL OTHERS,44.93814,4.865395
FRA432,AVRILLE,Avrillé,Centre Commercial la Croix Cadeaux,49240,Auchan AVRILLE [FRA432],<b>Auchan AVRILLE [FRA432]</b><br>Centre Commercial la Croix Cadeaux<br>F-49240 Avrillé,47.502612,-0.6011425
FRA033,EPINAY,Villetaneuse,"Centre Commercial Bienvenu, 189 Avenue Division Leclerc",93430,Auchan EPINAY [FRA033],"<b>Auchan EPINAY [FRA033]</b><br>Centre Commercial Bienvenu, 189 Avenue Division Leclerc<br>F-93430 Villetaneuse",48.9544375,2.3171555
FRA099,ROISSY,Roissy-en-France,Rue des Buissons,95700,Auchan ROISSY [FRA099],<b>Auchan ROISSY [FRA099]</b><br>Rue des Buissons<br>F-95700 Roissy-en-France,49.0036255,2.5187551
LUX381,Kirchberg,Luxembourg,5 r. Alphonse Weicker (Auchan Kirchberg),2721,Auchan Kirchberg [LUX381],<b>Auchan Kirchberg [LUX381]</b><br>5 r. Alphonse Weicker (Auchan Kirchberg)<br>F-2721 Luxembourg,49.583542,6.139417
